City,Lat,Lng,Max Temp,Humidity,Cloudiness,Wind Speed,Country,Date
Arima,10.6374,-61.2823,76.66,93,20,0,TT,1631353324
Huliao,24.5032,116.4046,89.24,56,36,3.33,CN,1631353325
Leópolis,-23.1978,-50.7958,64.45,73,100,3.06,BR,1631353325
Farmington,44.6573,-93.1688,68.09,87,1,0,US,1631353327
Cecerleg,47.4769,101.4503,44.29,96,100,5.86,MN,1631353328
Charta,7.2019,-72.9664,54.43,81,99,4.76,CO,1631353328
Melrose,42.4556,-71.059,55.8,86,1,1.99,US,1631353330
Visp,46.2922,7.8828,76.96,65,36,2.44,CH,1631353331
Surat Thani,9.1397,99.3306,91.36,73,100,7.63,TH,1631353332
Kupino,54.3667,77.3,54.12,70,96,9.28,RU,1631353332
Pueblo Nuevo,23.7823,-105.3585,49.59,60,1,5.68,MX,1631353334
Stoodley Corners,42.8869,-73.9925,53.42,86,22,3.44,US,1631353335
Mina Clavero,-31.7239,-65.005,56.98,41,9,17.58,AR,1631353336
Avola,36.9167,15.1333,82.58,65,36,1.66,IT,1631353337
Saint-Nazaire,47.2806,-2.2086,68.43,66,40,4.61,FR,1631353339
Kumalarang,7.75,123.15,78.58,91,97,2.15,PH,1631353340
Seto,35.2167,137.0833,77.56,77,96,1.59,JP,1631353341
Salvaterra,-0.7528,-48.5169,73.4,74,4,12.21,BR,1631353342
Jiangpan,33.7844,104.3652,78.15,64,16,5.93,CN,1631353343
Hialeah Gardens,25.8696,-80.3046,78.82,81,1,0,US,1631353343
Tiverton,41.6091,-71.1741,58.48,90,1,0,US,1631353344
Akron,43.0196,-78.5223,61.83,81,75,4.61,US,1631353345
‘En Boqeq,31.2603,35.2147,78.94,37,1,7.99,IL,1631353346
Rowlett,32.9157,-96.5488,75.22,69,1,1.99,US,1631353348
Scott City,37.2243,-89.536,69.6,73,75,4.61,US,1631353350
Vernouillet,48.9722,1.9833,69.49,77,0,3,FR,1631353351
South Normanton,53.107,-1.343,67.98,84,99,1.99,GB,1631353352
Fonte Boa,-3.4808,-66.0689,70.74,99,98,2.44,BR,1631353354
Sunnyvale,32.7974,-96.5577,75.18,66,1,1.01,US,1631353355
Villanueva,6.6719,-73.1747,59.63,91,100,1.83,CO,1631353356
Serebryansk,49.6999,83.4249,66.65,26,100,6.02,KZ,1631353358
Manchester,35.463,-86.0774,56.88,97,1,0,US,1631353358
Elva linn,58.2275,26.4158,71.69,60,0,5.75,EE,1631353359
Yulinshi,38.2412,110.2353,84.09,29,0,13,CN,1631353361
Ḩarastā,33.5586,36.365,83.08,28,0,4.7,SY,1631353361
Crystal Lake,28.0371,-81.9063,76.75,92,1,0,US,1631353362
Bam,28.6781,57.7406,101.93,10,0,10.83,IR,1631353363
San Clemente,33.4498,-117.6103,77.61,84,0,1.01,US,1631353365
Saint-Honoré,48.5333,-71.0833,53.62,82,92,10.36,CA,1631353366
Gazzo Veronese,45.15,11.0833,82.11,69,100,1.01,IT,1631353367
Highland Park,42.4052,-83.0977,66.22,70,40,6.91,US,1631353368
Leegebruch,52.7167,13.2,72.21,91,100,3.42,DE,1631353369
Cruz Alta,-28.6386,-53.6064,46.38,93,0,4.56,BR,1631353371
Alfreton,53.075,-1.398,68.09,81,100,1.99,GB,1631353372
Vedra,42.7833,-8.4667,72.41,82,20,3.44,ES,1631353374
Beroun,49.9639,14.0721,74.55,61,56,8.99,CZ,1631353375
Guane,22.2006,-84.0839,74.82,92,95,4.09,CU,1631353377
Wistaston,53.0821,-2.4747,67.32,87,100,7.74,GB,1631353379
Qaraçuxur,40.3969,49.9733,81.73,42,0,11.5,AZ,1631353381
Huntington Woods,42.4816,-83.1685,66.11,71,1,5.75,US,1631353382
Kearney,39.355,-94.3598,74.97,57,0,8.97,US,1631353383
San Antonio de los Baños,22.8889,-82.4989,73.49,100,20,2.3,CU,1631353384
Siddipet,18.1914,78.6783,80.64,76,99,12.06,IN,1631353385
Santana do Acaraú,-3.4608,-40.2119,79.36,71,26,5.35,BR,1631353386
Trèbes,43.2097,2.4414,78.66,69,20,9.22,FR,1631353388
Hinojosa del Duque,38.5,-5.1333,77.49,38,99,3.11,ES,1631353389
Sangkhla Buri,15.1436,98.4498,72.73,99,100,1.68,TH,1631353391
Mers el Hajer,32.6215,-8.7022,83.26,39,1,7.34,MA,1631353391
João Câmara,-5.5378,-35.82,69.04,67,36,15.82,BR,1631353392
Pollau,47.3019,15.8339,74.21,39,12,4.45,AT,1631353394
Tubarão,-28.4669,-49.0069,55.24,94,5,1.9,BR,1631353395
Fondi,41.35,13.4167,85.87,55,100,3.4,IT,1631353397
Eltham,51.451,0.052,67.82,85,90,1.99,GB,1631353398
Tarnów,50.0125,20.9883,74.52,47,70,2.44,PL,1631353400
Columbia Falls,48.3708,-114.1903,59.36,94,90,4.61,US,1631353401
Taburishche,49.0833,33.25,77.92,35,87,5.08,UA,1631353402
Union,38.9472,-84.6731,60.66,87,1,1.01,US,1631353403
Jerash,32.2723,35.8914,79.52,38,3,15.73,JO,1631353404
Nußloch,49.3236,8.6939,70.34,83,54,8.32,DE,1631353406
Groveton,38.7605,-77.098,60.69,91,1,0,US,1631353407
Čačak,43.8914,20.3497,77.5,27,1,2.93,RS,1631353408
Santa Clara,22.4067,-79.9531,74.07,94,1,3.44,CU,1631353409
Uitgeest,52.5292,4.7103,66.97,95,100,12.59,NL,1631353410
Bab El Jazira,36.8008,10.18,84.09,58,40,18.41,TN,1631353412
Kaga-Bandoro,7.0006,19.1808,78.98,77,91,2.86,CF,1631353413
Cantel,14.8112,-91.4555,54.55,82,100,0.36,GT,1631353415
Crigglestone,53.644,-1.5226,67.23,59,97,11.39,GB,1631353416
Argao,9.8833,123.6,85.95,72,96,0.89,PH,1631353419
Gasan,13.3167,121.85,83.1,80,100,7.02,PH,1631353419
Kelso,-33.4186,149.6056,52.03,65,0,1.01,AU,1631353419
Härnösand,62.6323,17.9379,57.99,97,100,9.15,SE,1631353420
Santa Teresita,13.8664,120.9814,81.12,86,100,2.33,PH,1631353421
Bonares,37.3167,-6.6667,82.11,37,49,6.62,ES,1631353422
Úvaly,50.074,14.7309,78.37,88,40,3.44,CZ,1631353423
Coyhaique,-45.5712,-72.0685,41.25,87,75,6.91,CL,1631353424
Putla Villa de Guerrero,17.0321,-97.9293,68.16,94,100,3.44,MX,1631353426
Sorisole,45.7375,9.6564,77.4,55,0,3.44,IT,1631353427
Shingū,33.8833,136.1,76.8,90,98,1.19,JP,1631353428
Peñuelas,18.0595,-66.7206,78.13,85,3,4.03,PR,1631353429
Allegan,42.5299,-85.8462,62.91,82,57,3,US,1631353430
Masamagrell,39.5703,-0.33,83.08,67,40,1.99,ES,1631353431
Amilly,47.9731,2.7703,67.91,92,8,5.55,FR,1631353432
Babintsy,49.4167,24.6167,72.12,39,100,4.07,UA,1631353433
Rittman,40.9736,-81.7849,61.25,91,1,0,US,1631353435
Bac Giang,21.2731,106.1947,95.02,59,13,2.39,VN,1631353436
Norcross,33.967,-84.2319,63.5,91,75,0,US,1631353436
Shiraoi,42.55,141.35,69.82,88,98,10.25,JP,1631353437
Plouguerneau,48.6058,-4.5042,64.76,94,90,8.05,FR,1631353437
La Paz,8.9667,126.2667,79.27,87,96,6.38,PH,1631353439
Naranjal,-2.6736,-79.6183,71.49,92,100,3.02,EC,1631353439
Drvar,44.3739,16.3808,79.16,32,8,1.45,BA,1631353441
Gimritz,51.4828,11.9697,75.9,64,20,3,DE,1631353442
Kyustendil,42.2811,22.6889,78.06,23,17,5.21,BG,1631353443
Drăgăneşti-Olt,44.1697,24.53,80.89,20,11,2.42,RO,1631353445
Angier,35.512,-78.7405,60.15,90,1,0,US,1631353446
Gutalac,7.9833,122.4,79.27,77,94,3.6,PH,1631353447
Sirsa,29.4904,75.03,83.41,71,100,10.76,IN,1631353447
Lviv,49.8156,24.1297,71.55,49,0,2.24,UA,1631353448
Paraíso do Sul,-29.7333,-53.1833,57.72,90,11,2.04,BR,1631353449
Monticello,40.0341,-88.5729,68.02,74,51,10.71,US,1631353451
Bedford Heights,41.4042,-81.5053,61.21,84,1,1.01,US,1631353451
Sainte-Julienne,45.97,-73.72,58.21,82,36,4.47,CA,1631353453
Aboisso,5.4667,-3.2,84.67,62,92,4.34,CI,1631353454
Trujillo,15.9167,-86,79.83,79,100,1.66,HN,1631353455
Cesenatico,44.2012,12.4007,81.14,72,0,8.01,IT,1631353456
San Juan Ixcoy,15.6,-91.45,55.96,98,100,2.66,GT,1631353457
Salem,39.5681,-75.4724,59.05,86,1,0,US,1631353458
Laur,15.5833,121.1833,76.03,98,100,3.09,PH,1631353459
San Sebastián de los Reyes,40.5469,-3.6258,72.14,59,0,3.44,ES,1631353460
Antipolo City,14.5842,121.1763,82,81,90,3.44,PH,1631353461
Devon,53.3633,-113.7322,55.8,86,90,5.75,CA,1631353462
Tenafly,40.9175,-73.9531,62.31,79,1,0,US,1631353463
Vanderbijlpark,-26.6992,27.8356,74.95,17,0,4.23,ZA,1631353464
Gemeente Zuidplas,52.0108,4.58,67.01,89,75,5.01,NL,1631353465
Catawba,35.663,-81.2333,59.99,89,20,0,US,1631353467
Barra de Cima,-6.4358,-35.6428,75.6,63,30,12.17,BR,1631353468
Portsmouth,43.058,-70.7826,56.14,91,1,4.61,US,1631353470
Fazenda Coité,-3.89,-38.6858,78.42,74,36,9.19,BR,1631353471
Odiongan,12.4,122,80.98,79,100,12.82,PH,1631353473
Rillieux-la-Pape,45.8214,4.8983,71.62,67,20,6.91,FR,1631353473
Livry-Gargan,48.9192,2.5361,69.28,65,0,8.05,FR,1631353474
New Kensington,40.5711,-79.7521,55.89,96,35,3.83,US,1631353476
Southfield,42.4765,-83.2605,66.11,78,1,5.75,US,1631353477
Annemasse,46.1958,6.2364,72.66,68,40,2.3,FR,1631353478
Eloida,44.7,-75.8833,55,95,65,5.93,CA,1631353479
Kenmore,42.9646,-78.8713,61.99,86,75,4.61,US,1631353480
Tank,32.2167,70.3833,94.32,41,78,6.24,PK,1631353481
Rhoose,51.3906,-3.3524,67.48,83,75,16.11,GB,1631353482
Bor,37.8833,34.5667,74.25,38,0,6.82,TR,1631353483
Rutherford,40.8203,-74.1057,63.25,80,1,0,US,1631353484
Hamminkeln,51.7319,6.5908,68.94,84,90,10.83,DE,1631353485
Aileu,-8.7239,125.4361,73.2,83,99,1.95,TL,1631353487
Bruges,51.1964,3.2536,66.92,90,100,13.06,BE,1631353487
Cernay,47.8067,7.1758,73.2,63,23,4.34,FR,1631353488
Millbrook,44.2,-78.4667,61.03,91,40,0,CA,1631353490
Videira,-27.0258,-50.9208,42.84,94,6,1.23,BR,1631353491
Carmo do Rio Claro,-20.9731,-46.1189,67.89,81,100,2.82,BR,1631353492
Hancheng,35.4603,110.4292,87.01,37,0,11.68,CN,1631353494
Guadalupe y Calvo,26.095,-106.9644,47.88,57,0,7.52,MX,1631353494
San Francisco,16.8017,-89.9342,71.92,98,100,1.54,GT,1631353495
Squinzano,40.4333,18.05,76.57,46,95,4.99,IT,1631353496
Ciudad Nezahualcoyotl,19.4,-98.9889,57.2,72,90,8.05,MX,1631353498
Uxbridge,44.1167,-79.1333,60.22,59,100,7.52,CA,1631353499
Gmina Kluczbork,50.9833,18.2167,73.35,33,27,7.07,PL,1631353500
Siyang,21.5833,108.05,87.22,70,30,4.5,CN,1631353501
A Guarda,41.9017,-8.8753,73.22,62,90,3.89,ES,1631353501
West Grove,39.7743,-75.8797,57.36,90,0,1.01,US,1631353503
Abdulino,53.6833,53.65,58.41,42,40,14.18,RU,1631353504
San Marcos,8.6622,-75.1289,73.27,98,100,6.38,CO,1631353505
South Holland,51.9861,4.6681,67.01,89,75,5.01,NL,1631353506
Valentigney,47.4625,6.8322,72.61,76,18,5.19,FR,1631353508
Cedar Hill,32.581,-96.9591,73.51,66,1,3,US,1631353509
Zagomzuhu,-6.0833,145.3833,61.34,98,89,1.95,PG,1631353511
Wittenburg,53.5,11.0667,68.05,70,59,11.68,DE,1631353512
Mountain Home,36.3348,-92.3846,69.06,74,1,0,US,1631353513
Qinggang,46.69,126.1,52.3,87,68,7.99,CN,1631353514
Crete,40.6254,-96.9575,69.08,92,5,5.55,US,1631353515
Nkana,-12.8208,28.2119,79.05,25,0,9.73,ZM,1631353516
Pascagoula,30.3665,-88.5507,66.24,96,1,0,US,1631353518
São Gonçalo do Sapucaí,-21.7578,-45.5408,66.76,83,100,0.89,BR,1631353519
Cantù,45.7333,9.1333,77.61,57,91,1.01,IT,1631353520
Santa Vitória do Palmar,-33.5189,-53.3678,53.42,93,81,6.98,BR,1631353521
Izyaslav,50.1167,26.8,73.04,31,100,2.28,UA,1631353523
Gambēla,8.25,34.5833,80.74,84,46,2.37,ET,1631353525
South Bend,41.7014,-86.2378,62.91,83,1,6.91,US,1631353526
Jockgrim,49.095,8.2783,70.75,77,51,1.01,DE,1631353527
Altstadt Nord,50.9422,6.9578,71.92,67,75,12.66,DE,1631353529
Odenton,39.0661,-76.6939,60.17,92,1,4.61,US,1631353530
Peto,20.1256,-88.9214,72.46,98,100,4.81,MX,1631353531
Graz,47.0749,15.4409,75.74,49,20,3,AT,1631353532
Daimiel,39.0833,-3.6167,81.07,53,0,2.3,ES,1631353533
Iba,15.4333,120.05,76.01,94,100,3.31,PH,1631353535
Le Havre,49.49,0.1,69.51,74,90,12.66,FR,1631353536
Rothschild,44.8761,-89.6173,60.4,86,1,3.44,US,1631353537
Longshan,24.2752,98.4672,81.09,52,90,1.23,CN,1631353538
Arfoud,31.4361,-4.2328,90.48,15,4,6.29,MA,1631353539
Brusque,-27.0858,-48.9808,56.77,95,65,2.1,BR,1631353540
Oberkochen,48.7839,10.1053,68.2,84,98,4,DE,1631353542
Ise,34.4833,136.7167,78.51,83,100,4.76,JP,1631353543
Windsor,39.8832,-76.4757,56.44,92,0,2.13,US,1631353544
Losser,52.2617,7.0044,65.16,88,92,12.28,NL,1631353545
Glenwood,41.5409,-87.6116,67.95,76,1,6.91,US,1631353546
L'Isle-Adam,49.1111,2.2228,69.67,76,0,8.05,FR,1631353547
Ocean City,39.2682,-74.6019,67.98,86,0,3,US,1631353548
Pistoia,43.9333,10.9167,88.36,43,54,3,IT,1631353550
Cabildo,-32.4267,-71.0664,52.66,92,100,2.59,CL,1631353551
Längwitz,50.8342,10.9464,71.85,77,40,8.05,DE,1631353553
Herculândia,-22.0036,-50.3853,67.75,69,71,8.63,BR,1631353554
Lokhvytsya,50.4002,33.3908,79.36,33,56,4.81,UA,1631353556
Goffstown,43.019,-71.5681,53.22,91,1,1.99,US,1631353557
Herford,52.1146,8.6734,69.6,75,95,13.94,DE,1631353558
Ifs,49.1383,-0.3531,64.96,63,75,8.05,FR,1631353560
Ayutuxtepeque,13.7357,-89.2008,67.6,99,98,2.04,SV,1631353562
Mascara,35.4,0.1333,76.44,26,9,3.56,DZ,1631353563
Kyakhulay,42.9833,47.4833,74.98,50,0,16.8,RU,1631353565
Glenarden,38.9293,-76.8577,60.31,91,1,0,US,1631353567
Gabriel Monteiro,-21.5922,-50.5992,64.35,58,43,7.27,BR,1631353568
Juuka,63.2417,29.25,51.93,92,100,2.57,FI,1631353569
Hāgere Hiywet,8.9833,37.85,67.91,76,41,1.68,ET,1631353570
Dunkerque,51.0383,2.3775,65.64,95,100,4,FR,1631353572
Yongle,33.2911,103.8735,66.11,90,93,3.04,CN,1631353573
Aragarças,-16.1958,-52.545,72.75,58,34,3.33,BR,1631353574
Camiri,-20.1,-63.5333,57.74,47,74,0.76,BO,1631353576
Zeghanghane,35.1536,-2.9861,85.66,30,0,8.05,MA,1631353578
Arroio do Tigre,-29.3328,-53.0928,46.62,95,1,1.83,BR,1631353579
Picuí,-6.555,-36.3489,71.51,69,14,22.37,BR,1631353581
Castelões de Cepeda,41.2,-8.3333,71.74,72,100,0.67,PT,1631353583
Cotabato City,7.2333,124.25,75.31,97,100,1.05,PH,1631353584
Southport,-27.9667,153.4,67.86,81,0,11.59,AU,1631353585
Bor,44.1303,22.1036,74.77,18,0,6.67,RS,1631353585
Weinsberg,49.1519,9.2858,71.73,77,87,8.19,DE,1631353586
Laayoune,27.15,-13.2,71.56,88,40,14.97,EH,1631353567
Congers,41.1484,-73.9456,61.59,80,0,2.82,US,1631353588
Boothwyn,39.8458,-75.4891,57.67,86,1,0,US,1631353590
Itororó,-15.1169,-40.07,67.89,82,59,3.87,BR,1631353591
Mont-de-Marsan,43.89,-0.5,73.38,73,0,4.61,FR,1631353593
Cua,10.1667,-66.8833,74.55,97,54,2.89,VE,1631353594
Durham,54.7761,-1.5733,68.74,80,93,3,GB,1631353595
Timizart,36.8,4.2667,81.54,46,3,5.59,DZ,1631353598
Sankt Johann,48.4528,9.3431,65.53,80,60,4.56,DE,1631353599
Lipa City,13.9411,121.1622,80.56,92,100,1.19,PH,1631353601
Korhogo,9.4578,-5.6294,74.64,88,100,4.05,CI,1631353601
Franklin Square,40.7002,-73.6775,64.04,74,1,3.44,US,1631353603
Tiszalúc,48.0367,21.0629,78.62,26,39,0.89,HU,1631353604
Hampden,42.1764,-72.5719,54.93,94,1,0,US,1631353609
Cantilan,9.3336,125.9775,79.92,87,99,4.63,PH,1631353613
Guliston,40.4833,68.7833,88.34,13,12,6.73,UZ,1631353615
Libenge,3.6604,18.62,89.71,50,40,2.37,CD,1631353617
Macachín,-37.1377,-63.662,50.2,88,86,15.82,AR,1631353619
Winooski,44.4951,-73.1843,57.04,89,75,4.61,US,1631353622
Eden,42.6527,-78.8787,60.73,82,100,9.62,US,1631353623
Parma,44.8015,10.328,81.12,56,40,5.75,IT,1631353626
South Bend,41.6767,-86.2696,62.98,83,1,6.91,US,1631353627
Schweinfurt,50.05,10.2333,71.67,71,91,6.69,DE,1631353629
Urbana,39.3237,-77.3411,58.93,97,1,0,US,1631353630
Kibuye,-2.0594,29.3481,74.79,45,92,8.86,RW,1631353631
Ouirgane,31.1755,-8.0782,80.83,15,11,4.45,MA,1631353633
Beizhen,41.5933,121.7932,64.44,73,3,6.2,CN,1631353634
Casier,45.6436,12.2953,79.32,59,0,1.01,IT,1631353634
Veurne,51.0722,2.6622,66.92,92,90,8.05,BE,1631353636
Bentiu,9.25,29.8,89.96,52,34,3.15,SS,1631353637
Aknīste,56.1622,25.7411,70.84,56,74,7.36,LV,1631353639
Bácsalmás,46.1239,19.3261,81.01,21,5,5.19,HU,1631353640
Sandown,50.6551,-1.1541,67.41,80,50,1.01,GB,1631353643
Fox Chapel,40.5247,-79.8898,55.04,96,1,6.91,US,1631353645
Burauen,10.9833,124.9,80.83,81,100,2.51,PH,1631353646
San Lorenzo,-25.3431,-57.5094,58.46,72,0,3.44,PY,1631353646
Bronte,37.8,14.8333,73.99,68,55,4.79,IT,1631353647
Wuwei,37.8286,102.5953,79.79,25,1,4.14,CN,1631353649
Bilovods'k,49.1992,39.5756,80.51,30,2,8.57,UA,1631353649
Fairlawn,37.7785,-79.9868,55.63,88,0,2.24,US,1631353651
Kingston,41.9295,-73.9968,54.19,78,22,1.01,US,1631353652
Garissa,-0.4569,39.6583,90.5,29,8,22.03,KE,1631353653
Colombelles,49.2042,-0.2972,64.98,63,75,8.05,FR,1631353654
Tillabéri,13.8718,1.4867,90.84,49,90,9.8,NE,1631353656
Baco,13.3584,121.0977,83.07,84,100,1.25,PH,1631353657
Heubach,48.7833,9.9333,67.89,87,94,3.04,DE,1631353657
Chipping Ongar,51.703,0.244,67.96,86,100,1.99,GB,1631353659
Horstmar,52.0806,7.3083,67.82,83,85,12.46,DE,1631353660
Kiryandongo,1.8763,32.0622,78.08,60,89,4.25,UG,1631353662
Boa Esperança,-21.09,-45.5658,68.83,81,100,2.93,BR,1631353663
Friendly,38.7601,-76.9642,60.44,89,1,0,US,1631353665
Šumperk,49.9653,16.9707,77.34,40,0,4.25,CZ,1631353666
Chauvigny,46.5686,0.6467,68.92,55,1,4.36,FR,1631353667
Orestiáda,41.5,26.5333,81.03,18,0,7.78,GR,1631353669
Garwolin,51.9,21.6167,73.02,43,62,6.58,PL,1631353670
Santiago Sacatepéquez,14.653,-90.6524,55.96,94,75,4.61,GT,1631353671
Lewisburg,37.8096,-80.4327,54.55,98,90,0,US,1631353672
Van Wert,40.865,-84.5879,60.67,83,92,1.99,US,1631353673
Catarina,11.9119,-86.0751,68.58,95,100,2.57,NI,1631353675
Pag-asa,7.5854,125.7052,78.71,95,100,2.24,PH,1631353676
Nouakchott,18.0989,-15.9885,86,68,99,11.45,MR,1631353676
Sault Ste. Marie,46.4817,-84.3723,60.35,88,40,3.44,US,1631353677
Lupeni,45.3603,23.2383,73.47,27,33,1.97,RO,1631353678
La Quinta,18.0344,-66.8615,78.75,86,2,1.01,PR,1631353680
Nappanee,41.4452,-85.9941,62.47,72,40,9.22,US,1631353681
Kirkcaldy,56.1107,-3.1674,64.81,84,100,7,GB,1631353682
Burtonsville,39.1166,-76.9356,58.91,94,1,1.01,US,1631353683
Lenexa,38.9609,-94.8018,74.55,67,1,3,US,1631353684
Takhatpur,22.15,82.0167,88.48,62,92,4.36,IN,1631353685
Wittelsheim,47.8053,7.2375,73.9,79,16,4.52,FR,1631353686
Lavrentiya,66.1667,-169.8167,40.73,89,100,21.5,RU,1631353688
Porto Nacional,-11,-48.5658,81.34,27,1,0.76,BR,1631353689
Chikwawa,-16.035,34.801,79.47,30,8,8.16,MW,1631353691
San Cristóbal de La Laguna,28.4853,-16.3167,81.75,61,0,5.01,ES,1631353693
Baunatal,51.2589,9.4183,70.48,83,75,8.05,DE,1631353694
Fallujah,33.35,43.7833,98.49,20,0,20.33,IQ,1631353695
North Valley,35.1736,-106.6231,77.83,33,1,10,US,1631353697
Nyanza,-2.3496,29.74,68.22,36,91,7.25,RW,1631353698
Bezirk Horgen,47.2608,8.5975,73.27,71,40,2.3,CH,1631353699
Tangub,8.0667,123.75,77.47,92,99,0.36,PH,1631353701
Mingxing,37.4264,112.5679,89.42,35,3,10.83,CN,1631353701
Huafeng,25.2938,117.4148,85.69,68,68,2.73,CN,1631353702
Araguari,-18.6489,-48.1869,69.89,60,52,5.1,BR,1631353702
Schneidhausen,50.747,6.4907,70.9,70,5,5.99,DE,1631353704
Stafford Springs,41.8896,-72.2593,52.75,97,20,0,US,1631353705
Jiaojiang,28.6583,121.4221,78.22,88,12,4.83,CN,1631353706
Bagalangit,13.7167,120.9,79.36,77,100,5.77,PH,1631353707
Salem,40.054,-111.672,72.36,55,40,12.66,US,1631353708
Balykchy,42.4667,76.1833,64.04,42,7,3.76,KG,1631353709
São Geraldo do Baixio,-18.7619,-41.3058,69.31,81,6,3.29,BR,1631353709
Silver Hill,38.8392,-76.9367,60.06,88,1,0,US,1631353711
El Realejo,12.5431,-87.1647,75.27,92,100,4.94,NI,1631353712
Oulu,65.0142,25.4719,55.22,82,90,1.99,FI,1631353713
Tunapuna,10.6333,-61.3833,76.23,93,20,0,TT,1631353714
Brynmawr,51.796,-3.183,65.14,83,80,11.21,GB,1631353715
Kamennomostskoye,43.7336,43.0458,65.68,75,92,9.73,RU,1631353717
Puerto Cabezas,14.05,-83.3833,76.95,90,99,5.64,NI,1631353718
Alpha,40.6791,-75.1121,56.61,92,0,1.79,US,1631353719
Rolle,46.4575,6.3317,76.37,72,39,0.92,CH,1631353720
Cotabato City,7.2167,124.25,75.36,97,100,1.25,PH,1631353722
Bayport,40.746,-73.0546,63.93,81,1,0,US,1631353722
Elin Pelin,42.6689,23.6025,79.68,43,0,3.44,BG,1631353723
Kamiiso,41.8242,140.6528,70.14,88,40,11.5,JP,1631353724
Pohořelice,48.9812,16.5245,78.15,34,50,4.85,CZ,1631353725
Warrensburg,38.7627,-93.726,75.45,66,1,13.8,US,1631353726
Lariano,41.7333,12.8333,81.91,50,100,3.65,IT,1631353727
Puerto Colombia,10.9922,-74.9528,78.91,89,100,10.07,CO,1631353729
Sharypovo,55.525,89.2,54.07,63,100,15.9,RU,1631353730
Baabda,33.8333,35.5333,82.69,62,20,8.05,LB,1631353731
Chacarita,9.9771,-84.7443,77.13,88,100,5.61,CR,1631353733
Ashquelon,31.6658,34.5664,85.32,51,80,12.91,IL,1631353734
San Miguelito,9.05,-79.5,78.17,90,90,1.14,PA,1631353735
Ouricuri,-7.8828,-40.0819,71.53,67,3,7.11,BR,1631353736
Quelimane,-17.6077,36.8197,78.69,48,90,7.63,MZ,1631353738
Koforidua,6.1,-0.2667,79.21,94,100,2.51,GH,1631353739
Coron,12,120.2,79.84,87,100,4.45,PH,1631353741
Chigasaki,35.3339,139.4047,80.98,80,99,4.18,JP,1631353741
Marco de Canaveses,41.1833,-8.15,70.92,46,99,0.63,PT,1631353742
Sibolga,1.7425,98.7792,82.51,76,87,3.85,ID,1631353743
Chāh Gachī,27.6594,52.6575,108.63,22,0,4.45,IR,1631353743
Wendlingen am Neckar,48.6747,9.3817,71.89,83,75,5.01,DE,1631353745
Satteldorf,49.1681,10.0808,69.87,92,97,8.72,DE,1631353746
Buc,48.7733,2.1253,69.64,69,0,10.36,FR,1631353748
Port Elgin,44.4333,-81.3667,63.79,80,100,14.25,CA,1631353749
Gainsborough,53.4016,-0.7732,68.94,73,75,1.99,GB,1631353750
Arneiroz,-6.3239,-40.1608,74.73,73,8,7.81,BR,1631353751
As Sulayyil,20.4623,45.5722,102.49,7,39,7.02,SA,1631353753
Boothwyn,39.8357,-75.4453,58.44,84,0,0.56,US,1631353754
Miami Shores,25.867,-80.1779,78.82,87,1,0,US,1631353755
Turkestan,43.1833,68.5333,83.03,8,0,11.65,KZ,1631353756
Blackmon Trailer Park,30.7257,-87.8601,71.85,77,0,4.56,US,1631353756
Yalta,46.9667,37.2667,74.23,39,80,14.65,UA,1631353757
Hisya,34.4108,36.7586,80.85,34,0,7.83,SY,1631353759
DeKalb,41.9313,-88.7482,65.5,89,52,1.01,US,1631353760
Ploče,42.6403,18.1083,81.77,68,20,8.05,HR,1631353761
Itoigawa,37.0333,137.85,77.31,90,73,3.51,JP,1631353763
Santa Ana,9.3194,-74.5706,72.54,97,100,9.84,CO,1631353763
Groß-Zimmern,49.8726,8.8343,70.66,77,56,8.21,DE,1631353764
Rosdorf,51.5,9.9,71.98,77,32,9.89,DE,1631353765
Jardim Alegre,-24.1789,-51.6919,54.46,93,100,4.03,BR,1631353767
Aqsū,52.0333,76.9167,57.18,90,100,14.65,KZ,1631353768
Upper Arlington,40.0272,-83.0704,56.86,92,1,0,US,1631353770
Mimizan,44.2008,-1.2286,73.18,55,61,5.19,FR,1631353771
Prabuty,53.7558,19.1975,77.95,66,17,9.37,PL,1631353772
Melilli,37.1833,15.1167,79.99,61,53,1.45,IT,1631353774
San Fernando,14.6167,-89.2,67.51,98,100,1.52,HN,1631353775
Haslett,42.7525,-84.402,61.2,85,1,6.91,US,1631353776
Junín,-34.5939,-60.9464,50.02,95,37,8.39,AR,1631353777
Pezinok,48.2667,17.2667,77.61,45,0,2.3,SK,1631353779
Jales,-20.2689,-50.5458,64.83,55,2,4.23,BR,1631353780
L’gov,51.6667,35.2667,73.15,37,44,4.32,RU,1631353782
Macaíba,-5.8578,-35.3539,73.78,94,20,3.44,BR,1631353783
Kiteke,-4.8296,16.8999,90.77,42,73,2.55,CD,1631353785
Ilfracombe,51.208,-4.12,65.82,74,94,5.99,GB,1631353786
Sawang Daen Din,17.4333,103.4051,93.04,73,86,5.28,TH,1631353788
West Valley City,40.6889,-112.0115,70.41,73,1,1.01,US,1631353788
Rovigo,45.0809,11.794,81.07,41,100,3.2,IT,1631353789
Dieppe,49.9267,1.1014,68.92,77,41,13.27,FR,1631353790
Elk Grove,38.416,-121.3842,70.72,78,1,1.01,US,1631353792
Missour,33.05,-3.9908,83.5,22,27,5.68,MA,1631353793
Chambourcy,48.9061,2.0403,69.69,72,0,10.36,FR,1631353795
Saint-Thibault-des-Vignes,48.8692,2.6886,70.3,66,20,10.36,FR,1631353798
Shilka,51.85,116.0333,56.03,82,84,3.87,RU,1631353799
Pomona,39.4687,-74.5501,63.86,95,1,0,US,1631353799
Decimomannu,39.3112,8.9703,80.02,69,20,12.66,IT,1631353801
Orange Cove,36.6211,-119.3188,74.88,46,1,8.05,US,1631353802
El Rio,34.2452,-119.1568,80.13,86,1,0,US,1631353803
Denfield,43.05,-81.45,62.47,92,100,3,CA,1631353804
Korolyov,55.9167,37.8167,63.79,76,48,3,RU,1631353805
Centerville,40.7294,-92.8718,66.85,100,1,6.91,US,1631353807
Yoshkar-Ola,56.6328,47.8958,54.37,44,93,6.89,RU,1631353808
Lake Zurich,42.1955,-88.087,67.05,80,1,1.99,US,1631353809
Drexel Hill,39.9495,-75.3039,58.05,91,0,1.01,US,1631353810
Chichimila,20.6308,-88.2172,72.39,98,100,4.61,MX,1631353811
Java,4.5808,-74.4425,69.24,82,100,3.96,CO,1631353812
Alpinópolis,-20.8639,-46.3878,68.18,73,100,3.53,BR,1631353814
Camarillo,34.223,-119.0322,79.9,82,1,0,US,1631353815
Castelnuovo Berardenga,43.3472,11.5042,83.01,30,32,1.01,IT,1631353816
Saint-Dizier,48.6383,4.9497,68.52,68,75,6.91,FR,1631353818
Ceyrat,45.7328,3.0633,66.83,64,40,3.44,FR,1631353819
Fundeni,44.3833,26.3667,79.21,19,25,3.65,RO,1631353821
Cowdenbeath,56.11,-3.35,64.78,88,40,5.99,GB,1631353822
Arinos,-16.1328,-45.7419,71.29,25,4,2.59,BR,1631353823
Itambacuri,-17.8069,-41.7858,66.45,78,13,0.36,BR,1631353825
La Ferté-sous-Jouarre,48.9492,3.1294,69.26,77,0,8.34,FR,1631353827
South Windham,41.6313,-72.2402,57.58,96,20,0,US,1631353828
Regente Feijó,-22.2208,-51.3028,61.88,88,0,0,BR,1631353829
Andria,41.2317,16.3083,77.76,47,100,6.93,IT,1631353831
Cochabamba,-17.3381,-66.2189,52.97,59,29,1.99,BO,1631353833
Itaú,-5.84,-37.9928,76.73,57,5,13.31,BR,1631353835
Granger,41.7373,-86.135,62.71,84,1,1.01,US,1631353836
Lindau,47.5458,9.6839,72.59,74,40,2.3,DE,1631353837
Newtown,52.5132,-3.3141,66.09,82,98,11.25,GB,1631353839
West Brattleboro,42.8618,-72.6145,53.35,93,12,2.91,US,1631353840
Sury-le-Comtal,45.5375,4.1831,73.9,68,0,3.44,FR,1631353841
Wabash,40.8034,-85.8301,62.78,89,57,9.78,US,1631353843
Fushë-Krujë,41.4833,19.7167,78.94,38,0,3.44,AL,1631353844
Tséri,35.0725,33.3243,86.11,35,20,4.61,CY,1631353845
Macclesfield,53.2581,-2.1274,66.18,83,75,11.5,GB,1631353847
Lawrenceville,40.2954,-74.7205,59.88,95,1,0,US,1631353848
Verona,45.4386,10.9928,79.5,64,0,2.3,IT,1631353849
Unterpremstätten,46.9647,15.4042,75.24,52,20,1.14,AT,1631353850
Sumabnit,16.0333,120.55,75.9,95,100,3.94,PH,1631353852
Ćuprija,43.9231,21.3686,76.21,17,0,0.45,RS,1631353852
Ferry Pass,30.5203,-87.1903,71.67,89,1,5.75,US,1631353854
Ceiba,18.265,-65.6488,82.22,83,1,5.75,PR,1631353855
Városrétidűlő,46.9833,18.9167,80.67,22,6,4.7,HU,1631353856
Green,43.1509,-123.3854,55.42,83,1,0,US,1631353857
Manzanares el Real,40.7272,-3.8611,67.69,56,20,2.3,ES,1631353858
Ceuta,35.8867,-5.3,78.48,62,23,1.7,ES,1631353860
Turvo,-28.9258,-49.6789,58.62,83,1,2.17,BR,1631353861
Montcada i Reixac,41.4867,2.1879,81.64,65,10,1.99,ES,1631353863
La Victoria,1.8047,-75.8897,63.18,97,100,1.68,CO,1631353864
Bacsay,15.65,120.25,63.9,99,100,1.43,PH,1631353867
Hobe Sound,27.0729,-80.1425,76.95,95,81,3.44,US,1631353867
Lake Shore,45.6911,-122.6911,61.54,85,90,3.44,US,1631353868
Spinetoli,42.8887,13.7731,80.83,62,50,8.37,IT,1631353869
Moyeuvre-Grande,49.2528,6.0458,70.07,78,86,3,FR,1631353871
Woods Cross,40.8731,-111.917,70.81,67,40,1.99,US,1631353872
Laukaa,62.4167,25.95,53.02,93,100,4.61,FI,1631353873
Steinbach-Hallenberg,50.7006,10.5667,68.97,78,98,6.78,DE,1631353875
Oschersleben,52.0167,11.25,71.69,63,79,9.24,DE,1631353876
Gorna Oryahovitsa,43.1222,25.6897,81.14,33,20,3.44,BG,1631353877
Camaligan,13.6167,123.1667,79.21,90,100,6.76,PH,1631353880
Eijsden,50.7778,5.7108,70.07,84,75,1.01,NL,1631353880
Accra,5.6037,-0.187,80.69,74,0,10.36,GH,1631353882
Safi,35.8333,14.485,85.68,51,20,16.11,MT,1631353883
Oliveira dos Brejinhos,-11.9989,-42.6258,68.97,64,5,5.75,BR,1631353885
La Jagua de Ibirico,9.5611,-73.3364,73.09,94,100,3.78,CO,1631353886
Loja,37.1667,-4.15,85.28,28,51,5.59,ES,1631353887
Dragash,42.0611,20.6528,67.64,37,94,4.88,XK,1631353889
Santana de Mangueira,-7.555,-38.3319,73.22,60,3,4.83,BR,1631353890
Moulay Brahim,31.3669,-8.1331,84.11,19,23,3.85,MA,1631353892
Uxbridge,51.528,-0.481,69.64,82,75,1.99,GB,1631353893
Terryville,40.909,-73.0492,62.46,83,1,0,US,1631353895
Juranda,-23.315,-52.4758,59.05,71,100,5.44,BR,1631353896
Třebíč,49.215,15.8817,76.51,49,0,8.05,CZ,1631353897
Câmara de Lobos,32.65,-16.9667,81.43,79,20,1.99,PT,1631353899
Doué-la-Fontaine,47.1931,-0.2756,73.51,50,6,6.4,FR,1631353900
Oğuz,41.0714,47.4653,77.04,34,0,7.16,AZ,1631353902
Boudinar,35.2001,-3.6429,83.86,57,0,6.91,MA,1631353903
Bordentown,40.0854,-74.7149,59.95,94,1,0,US,1631353904
North Scituate,42.2121,-70.7652,58.51,90,1,1.01,US,1631353906
Iaciara,-14.4489,-47.05,75.22,21,16,2.35,BR,1631353907
Petilia Policastro,39.1167,16.7833,70.12,95,100,3.94,IT,1631353909
Axel,51.2656,3.9089,67.06,85,100,4,NL,1631353910
Acapulco de Juárez,16.8636,-99.8825,76.96,90,99,4.76,MX,1631353912
Piripiri,-4.1308,-41.7819,76.8,61,10,3.74,BR,1631353913
Băicoi,45.0453,25.8658,78.19,40,30,4.47,RO,1631353914
Brokopondo,5.0404,-55.02,74.79,96,61,1.68,SR,1631353916
Laibin,23.7333,109.2333,92.7,58,27,3.49,CN,1631353918
Mondeville,49.1739,-0.3211,65.35,63,75,8.05,FR,1631353918
Abtswoude,51.9833,4.3167,67.03,90,75,11.5,NL,1631353919
Revel,43.4586,2.0042,77.13,79,12,5.53,FR,1631353921
Rheinbach,50.6256,6.9491,70.48,73,49,3,DE,1631353922
Mansfield Center,42.0225,-71.218,56.55,93,1,1.01,US,1631353924
Rutana,-3.9236,30.0061,76.77,28,50,9.62,BI,1631353925
Jalal-Abad,40.9375,72.9861,80.22,16,1,9.93,KG,1631353926
Pike Road,32.2934,-86.0902,68.65,89,27,5.23,US,1631353927
Urucará,-2.7489,-58.0219,76.35,77,81,3.09,BR,1631353928
Churumuco de Morelos,18.6167,-101.6333,74.34,96,99,0.65,MX,1631353929
Fremont,41.3536,-83.1148,61.99,82,98,4,US,1631353930
Vratsa,43.2121,23.5444,81.95,18,1,5.88,BG,1631353932
Lessines,50.7117,3.83,67.26,85,90,10.36,BE,1631353933
Westbury,51.26,-2.191,68.56,84,80,1.99,GB,1631353935
Bickenbach,49.7413,8.6225,71.87,81,77,7.23,DE,1631353936
Montanhas,-6.4858,-35.2878,72.95,63,53,12.24,BR,1631353938
Kabul,34.5328,69.1658,83.32,15,1,7.18,AF,1631353939
Altamont,42.708,-73.9631,54.07,81,22,3.15,US,1631353939
Bäretswil,47.3369,8.8575,69.46,68,40,4,CH,1631353940
Departamento de Córdoba,8.2233,-75.4817,72.72,99,100,9.69,CO,1631353942
Courtright,42.7833,-82.35,64.85,61,99,10.38,CA,1631353943
Cajicá,4.9167,-74.025,51.73,95,100,1.66,CO,1631353944
Raymond,43.0322,-71.1994,55.06,94,0,4.23,US,1631353945
Polatsk,55.4833,28.8,74.01,43,68,8.01,BY,1631353947
Princesa Isabel,-7.7369,-37.9928,68.43,64,2,6.91,BR,1631353948
Jerseyville,39.1175,-90.3271,70.95,80,0,8.23,US,1631353950
Paiporta,39.4278,-0.4183,85.84,66,40,5.01,ES,1631353951
Great Missenden,51.7042,-0.7078,68.49,75,97,11.16,GB,1631353952
Tange Zhen,34.5988,104.8963,69.1,63,4,9.62,CN,1631353954
Sauvian,43.2919,3.2606,79.99,58,0,3.44,FR,1631353954
Davlekanovo,54.2167,55.0333,57.31,34,64,16.08,RU,1631353955
Charleston,32.8153,-79.9628,68,96,1,3,US,1631353957
Ipirá,-12.1578,-39.7369,67.59,82,29,5.1,BR,1631353958
East Norriton,40.1899,-75.3522,57.63,86,1,4,US,1631353959
Itueta,-19.3939,-41.17,71.76,83,53,2.57,BR,1631353961
Castelverde,45.1875,9.9969,80.94,52,94,4.34,IT,1631353963
Eugenópolis,-21.0989,-42.1869,73.33,79,56,2.37,BR,1631353964
Nava,28.4214,-100.7675,76.01,76,0,6.6,MX,1631353966
Buckhorn,44.6667,-78.4333,60.17,79,97,4.52,CA,1631353967
Labin,45.0833,14.1167,78.89,42,33,2.53,HR,1631353968
Kaabong,3.5204,34.12,77.54,44,7,12.71,UG,1631353969
Itagüí,6.1726,-75.6096,62.96,99,100,0.49,CO,1631353971
Plainville,41.6697,-70.9428,58.69,90,1,5.75,US,1631353972
Tacoma,47.2431,-122.4531,59.59,78,90,5.99,US,1631353973
Most,50.5031,13.6367,69.31,62,55,5.03,CZ,1631353974
Edwardsville,38.7923,-89.9877,71.22,79,1,8.99,US,1631353976
Kuurne,50.8519,3.2861,66.85,88,100,11.23,BE,1631353977
La Salle,40.366,-104.7389,78.01,41,30,4.36,US,1631353978
Roxboro,36.3879,-78.9812,57.33,97,1,0,US,1631353979
Hammonton,39.6572,-74.7678,61.83,93,0,0.6,US,1631353980
Sorocaba,-23.5019,-47.4578,68.09,82,100,3.13,BR,1631353981
Maquoketa,42.0598,-90.6651,65.25,91,28,3.69,US,1631353983
Salto del Guairá,-24.1569,-54.0969,57.96,90,97,4.43,PY,1631353984
Anna Regina,7.25,-58.5167,76.66,89,41,6.69,GY,1631353986
West Lynchburg,37.4003,-79.1909,56.39,95,1,0,US,1631353988
Novo Aripuanã,-5.1214,-60.3806,72.36,91,3,1.97,BR,1631353989
Knyaginino,55.8167,45.0333,61.07,43,39,4.83,RU,1631353991
Phichit,16.4431,100.3467,86.05,85,97,4.99,TH,1631353992
Menemen,38.6,27.0667,79.77,26,0,10.42,TR,1631353993
Nailsea,51.43,-2.76,69.06,85,90,4,GB,1631353994
Cootamundra,-34.6483,148.0344,59.95,66,0,9.04,AU,1631353995
Berlare,51.025,4.0025,67.59,92,100,11.25,BE,1631353996
Kirovsk,67.6142,33.6717,42.71,67,77,5.77,RU,1631353997
Lynwood,33.924,-118.2017,79.2,90,0,3.58,US,1631353999
Müncheberg,52.5036,14.1397,71.91,85,50,1.99,DE,1631354000
Alberic,39.1167,-0.5211,85.71,69,62,4.29,ES,1631354001
Antonio Escobedo,20.9092,-103.9803,60.4,78,82,2.26,MX,1631354003
Skidel',53.5833,24.25,73.54,56,0,8.95,BY,1631354004
Martinsville,40.6323,-74.5146,58.3,88,0,3,US,1631354006
Ospedaletto Euganeo,45.2231,11.6111,79.07,39,100,2.64,IT,1631354008
Teays Valley,38.4482,-81.924,54.82,97,0,3.42,US,1631354009
Coseley,52.54,-2.123,67.33,72,99,10.22,GB,1631354011
Jiujiang,29.7048,116.0021,83.17,74,1,8.68,CN,1631354012
Monteux,44.0356,4.9972,80.96,52,0,14.97,FR,1631354012
Lauda,49.5686,9.7039,70.27,78,87,10.2,DE,1631354014
Middletown,38.241,-85.5215,60.64,88,1,1.01,US,1631354016
Darien,41.0786,-73.4819,63.18,88,1,4.61,US,1631354018
Konotop,51.2369,33.2027,76.89,41,36,3.44,UA,1631354020
Beersheba,31.2683,34.8489,83.19,40,24,14.16,IL,1631354023
Ceret,42.4881,2.7514,80.73,46,9,3.09,FR,1631354025
Jining,41.03,113.08,71.74,41,15,6.62,CN,1631354026
Ramillies,50.6333,4.9,66.54,84,75,13.8,BE,1631354026
Fiesso d'Artico,45.4167,12.0333,79.11,62,95,1.01,IT,1631354028
Preetz,54.2367,10.2822,67.75,88,75,8.05,DE,1631354029
Capa de Cima,-6.195,-38.2258,75.42,58,5,10.76,BR,1631354030
Wiefelstede,53.2581,8.1172,68,88,55,12.75,DE,1631354032
Perdões,-21.0908,-45.0908,69.01,76,100,2.82,BR,1631354033
Rainbow City,33.9337,-86.0922,63.66,94,20,0,US,1631354035
Allison Park,40.5844,-79.9534,54.48,93,35,3.65,US,1631354036
Tweed,44.6,-77.3333,51.57,94,93,4.74,CA,1631354037
Boxmeer,51.6483,5.9444,68.27,88,75,3,NL,1631354038
Vilyuysk,64.3728,120.549,57.51,46,17,6.2,RU,1631354039
Darlington,34.3015,-79.867,59.02,99,1,4.61,US,1631354041
Formoso,-14.9469,-46.2319,69.13,27,5,4.03,BR,1631354042
Apatin,45.6667,18.9833,78.31,25,6,1.7,RS,1631354044
Ludlow,52.368,-2.718,68.72,77,100,10.78,GB,1631354045
Nieuw-Lotbroek,50.9167,5.9333,70.36,79,75,5.99,NL,1631354047
São João Nepomuceno,-21.54,-43.0108,61.68,89,100,1.16,BR,1631354048
Gaithersburg,39.1346,-77.2132,58.42,94,1,1.01,US,1631354050
Wagoner,35.9641,-95.379,74.55,62,6,8.77,US,1631354051
Cresaptown,39.5912,-78.855,55.78,99,90,0,US,1631354052
Virginia Beach,36.7335,-76.0435,63.01,75,1,0,US,1631354053
Cruz,-2.9178,-40.1719,79.59,79,43,16.46,BR,1631354054
Guam,13.4692,144.7332,82.74,87,100,3,GU,1631354055
Hillsdale,41.9266,-84.6356,60.33,83,40,5.75,US,1631354055
Sveio,59.5736,5.3633,62.87,97,100,7.02,NO,1631354056
Phon,15.816,102.5998,83.82,75,89,11.72,TH,1631354058
Ajacuba,20.0833,-99.1167,50.38,92,54,0.81,MX,1631354058
Alcorcón,40.35,-3.8333,70.39,59,0,4.61,ES,1631354059
Samut Prakan,13.5934,100.5801,82.38,89,100,9.86,TH,1631354060
Geneina,13.45,22.44,71.73,81,76,21,SD,1631354061
Bloemfontein,-29.1,26.2167,70.18,30,0,11.5,ZA,1631354062
Krimpen aan den IJssel,51.92,4.6,67.03,89,75,5.01,NL,1631354063
Presidente Olegário,-18.4178,-46.4178,70.29,52,73,3.29,BR,1631354065
Albertirsa,47.24,19.6067,81.64,41,3,4.16,HU,1631354066
Fuyang,23.5899,116.5924,98.58,68,86,5.19,CN,1631354068
West Bromwich,52.519,-1.995,68.76,74,40,6.91,GB,1631354069
Boulemane,33.366,-4.733,72.97,16,36,9.69,MA,1631354070
Lewistown,47.0514,-109.4524,61.29,58,100,1.01,US,1631354071
Kittery Point,43.0998,-70.7126,55.02,91,1,4.61,US,1631354072
Siltepec,15.5333,-92.2333,56.86,98,100,1.77,MX,1631354073
Bad Langensalza,51.1081,10.6467,72.82,70,81,11.39,DE,1631354074
Villeurbanne,45.7667,4.8803,73.99,68,20,6.91,FR,1631354076
Waldsee,49.3956,8.4406,73.06,75,75,5.75,DE,1631354077
Shinfield,51.408,-0.947,69.46,81,75,1.99,GB,1631354078
Ka Soleil,19.4456,-72.6883,77.16,83,84,4.76,HT,1631354080
São João da Boa Vista,-21.9689,-46.7978,62.55,70,98,4,BR,1631354081
